年月別_Year_and_onth,工業及服務業__Industry_and_services,工業_Industrial,礦業及土石採取業_Mining_and_quarrying,製造業_Manufacturing,電力及燃氣供應業_Electricity_and_gas_supply,用水供應及污染整治業_Water_supply_and_remediation_activities,營建工程業_Construction,服務業_Services,批發及零售業_Wholesale_and_retail_trade,運輸及倉儲業_Transportation_and_storage,住宿及餐飲業_Accommodation_and_food_service_activities,出版_影音製作_傳播及資通訊服務業_Information_and_communication,金融及保險業_Financial_and_insurance_activities,不動產業_Real_estate_activities,專業科學及技術服務業_Professional_scientific_and_technical_activities,支援服務業_Support_service_activities,教育業_Education,醫療保健_Human_health_activities,藝術_娛樂及休閒服務業_Arts_entertainment_and_recreation,其他服務業_Other_service_activities
1980,8843,8206,11549,8035,14944,9103,8309,10174,9274,10586,7358,13708,14103,17961,10898,10354,-,12724,8218,8313
198001,8016,7606,11403,7483,12550,7827,7475,8848,7549,9862,6537,12550,11551,17931,10095,9747,-,11749,8512,7892
198002,10393,9548,8490,9889,13598,10980,7482,12117,11639,11231,11158,16384,14825,19195,13503,11700,-,15261,8852,9971
198003,7902,7284,10124,7092,13172,8121,7641,9182,7894,10094,6780,12770,13154,17251,9866,9545,-,12100,8466,7801
198004,7987,7454,11051,7210,14721,8315,7903,9093,7856,9676,6566,12789,12834,17353,10204,9832,-,11964,8675,7914
198005,8169,7686,11224,7473,12810,8565,8086,9164,8058,9730,6498,12683,12042,17412,10677,9908,-,12057,8223,8078
198006,8393,7921,12256,7682,13750,8690,8294,9379,8313,9822,6701,12561,13286,19468,10109,9882,-,11907,7780,8034
198007,8734,8129,12200,7882,16545,9184,8483,10034,8755,11358,6886,14236,13750,17376,10695,10119,-,12773,8030,8224
198008,8866,8211,12054,7960,16008,9355,8629,10271,9252,10759,8215,14155,14141,17274,10768,10420,-,12893,8133,8312
198009,9066,8355,11919,8144,16067,9673,8581,10565,9859,10936,7118,14140,14601,17460,10979,10572,-,13260,7976,8416
198010,9206,8544,13023,8321,16033,9373,8737,10600,10063,10933,7236,14069,13972,17531,10801,10448,-,12899,8094,8434
198011,9292,8617,12744,8417,16136,9533,8721,10708,10194,11001,7284,13918,14809,17580,10813,10395,-,12888,7517,8258
198012,10035,9069,12058,8866,17649,9580,9286,12041,11702,11621,7301,14193,19903,19742,12232,11628,-,12892,8443,8420
1981,10677,9915,14751,9556,19157,10800,10764,12186,11488,12697,8501,15999,17467,18724,12458,11401,-,14502,10033,8462
198101,11270,10343,15297,10375,17267,11669,9182,13217,12356,14567,9960,15096,20507,19031,12884,11630,-,14428,9234,8289
198102,10887,9594,17388,9238,17655,11365,10037,13430,13836,12845,8386,17918,16161,19546,14216,12423,-,14249,9862,8695
198103,9745,9146,13589,8746,17248,10087,10294,10914,9775,11746,7896,15393,15312,17929,11492,10817,-,14564,10538,8050
198104,9998,9389,13656,9030,17062,10725,10323,11201,10390,11789,7939,15519,15122,18035,11529,10735,-,14538,9683,8198
198105,10222,9635,13883,9278,16809,10363,10609,11373,10588,11952,7987,15326,15553,18131,11752,10903,-,14622,9969,8294
198106,10335,9629,13459,9207,16448,10445,11045,11720,11030,11983,7982,15465,16648,20110,11971,11045,-,14640,10177,8407
198107,10542,9852,14217,9383,27018,10334,11019,11922,11075,12587,8480,16302,17199,18103,11957,11088,-,14709,9874,8423
198108,10684,9979,14660,9590,19787,10423,11089,12082,11219,12967,8576,16293,17211,18067,12153,11183,-,14747,9845,8534
198109,10941,10173,14316,9816,19871,11374,11120,12453,11938,12685,8685,16216,18018,18231,12389,11305,-,14490,10066,8639
198110,10921,10310,15200,9903,20577,10902,11443,12120,11218,13068,8703,16155,17010,18124,12535,11444,-,14409,10548,8617
198111,10895,10282,15157,9877,19788,10951,11476,12098,11322,12634,8626,16043,17331,18103,12441,11404,-,14387,10045,8612
198112,11652,10597,16283,10167,19974,10984,11806,13734,13191,13509,8813,16195,23348,21257,14226,12835,-,14237,10532,8758
1982,11473,10772,15198,10456,20612,12191,11415,12803,11728,13958,8730,16190,19269,20574,13991,13109,-,13360,8943,9446
198201,13581,12241,17287,12100,21187,13560,11805,16180,16207,17138,10559,17994,21565,22024,16395,13472,-,16159,13613,10890
198202,11149,10544,13818,10267,20668,11008,11120,12301,10935,13891,8660,17457,18598,20266,13321,12240,-,13016,8087,8985
198203,11017,10421,15591,10044,20421,11776,11299,12155,11093,13209,8619,16341,17768,20005,13183,12520,-,13016,8272,9124
198204,11043,10454,15922,10045,20299,11549,11477,12168,11005,13267,8766,15891,17965,20182,13566,12982,-,13067,8549,9251
198205,11163,10612,15023,10227,20788,11816,11627,12202,11194,13239,8423,15687,17474,20737,13669,12749,-,13062,8555,9302
198206,11341,10656,14577,10291,20690,13911,11575,12642,11582,13487,8345,15836,20126,21142,13579,12983,-,13045,8528,9386
198207,11213,10600,14496,10260,20395,11916,11539,12388,11174,13931,8372,15672,18427,19669,13626,13218,-,12984,8637,9420
198208,11166,10558,14505,10237,19486,12084,11393,12325,11180,13474,8469,15964,18321,19913,13669,12839,-,13152,8474,9378
198209,11485,10706,14859,10385,20521,12954,11390,12959,11710,14643,8584,15914,20338,19896,14017,13074,-,13151,8614,9463
198210,11293,10700,15238,10468,21021,12092,10749,12408,11211,13612,8553,15883,18604,19637,13786,13227,-,13105,8600,9382
198211,11248,10663,15190,10346,20714,11816,11306,12335,11228,13486,8639,15732,17449,19499,14211,13292,-,13221,8491,9391
198212,11969,11097,15861,10791,21147,11796,11639,13598,12277,14106,8815,15903,24415,23860,14981,14627,-,13310,8510,9372
1983,12122,11490,14822,11122,21678,12678,12718,13330,12232,14239,9494,16362,19134,21798,15538,12694,-,14119,9871,9829
198301,11827,11158,15607,10905,21281,12977,11406,13085,12154,14200,8935,15813,18960,19440,14973,13416,-,12845,8460,9817
198302,12598,11236,12404,10911,21509,13414,12354,15167,14193,16335,9955,19461,20009,23471,17801,13418,-,17641,10843,10804
198303,11721,11031,14355,10748,20394,12506,11682,13016,12169,13883,9330,16017,18551,19428,14749,12251,-,13113,9613,9294
198304,11631,11100,14259,10807,19653,11965,11962,12626,11618,13471,9255,16088,17737,19369,14674,11981,-,13208,9456,9348
198305,11856,11408,14392,11036,20611,12104,12704,12705,11799,13464,9311,15918,17598,19441,14874,12220,-,12945,9282,9487
198306,12182,11535,14331,11075,26153,14336,12907,13428,11942,14507,9453,16213,20837,31118,14979,12494,-,14653,9257,9601
198307,11914,11450,14916,11052,20405,12306,12956,12813,11810,13597,9672,15814,18316,19855,14849,12848,-,13316,9538,9771
198308,12051,11608,14987,11221,20376,12230,13165,12917,11739,13711,9459,16109,18517,19983,15548,12861,-,13615,9836,9881
198309,12446,11795,15045,11354,26867,13220,13187,13701,12267,15394,9696,16353,19949,20641,16094,12214,-,14820,11696,9955
198310,12167,11694,15342,11319,20855,12415,13117,13076,11965,13887,9496,16239,18173,20567,15674,12325,-,13835,10052,9996
198311,12113,11629,15827,11216,20525,12290,13241,13043,11946,13824,9518,16082,18061,20321,15869,12594,-,13956,9641,9753
198312,12908,12139,16558,11727,21492,12380,13731,14389,13196,14612,9840,16270,22641,27722,16436,13675,-,15438,10883,10217
1984,13410,12545,15773,12153,25503,13102,14122,15115,14419,15184,10631,18111,21505,22150,17188,13638,-,16683,10277,10235
198401,15370,13714,17986,13401,21667,17705,14653,18549,19024,18159,11425,17030,23747,27317,22134,15344,-,19362,14727,12617
198402,12648,11554,12961,11109,21145,13091,13950,14736,13488,16179,9618,21325,20006,22406,15981,13007,-,16320,10179,10525
198403,12898,12227,16049,11844,21863,13024,13896,14212,14016,13693,9845,17267,19404,21387,16267,12603,-,14711,10016,9473
198404,12931,12256,15676,11878,21083,12193,14015,14261,13767,13916,10304,16785,20358,21666,16333,13145,-,14760,9944,9979
198405,13254,12478,16318,12164,20930,11714,13794,14788,14242,14979,10233,16965,20533,21516,16954,13021,-,16721,10103,9954
198406,13279,12346,15218,11933,26820,14492,13927,15128,14121,16310,10558,19905,21301,21341,16903,13091,-,15870,10109,10030
198407,13296,12628,15018,12094,44876,11722,14056,14652,13925,14509,10696,17401,21417,21847,16600,13507,-,15966,9889,9947
198408,13199,12450,15011,12102,22460,12142,14142,14697,14009,14254,10679,17367,21488,21317,16685,13815,-,16740,10048,9964
198409,13563,12499,15887,12079,29210,14768,13996,15677,14528,16020,11330,20667,23164,22234,17094,13986,-,18501,9580,10047
198410,13290,12609,16349,12272,22126,12103,14062,14638,13791,14252,11073,17444,21270,20901,17144,13865,-,16750,9351,10070
198411,13305,12590,16280,12219,22334,12223,14290,14710,13882,14797,10818,17634,20770,21711,17010,13999,-,16518,9376,10050
198412,13891,13156,16521,12733,31551,12147,14628,15339,14183,15219,10942,17530,24394,22353,17248,14216,-,17875,10180,10298
1985,13981,13100,16322,12678,29007,13977,14763,15716,14413,16527,10619,20481,23247,23135,17890,14452,-,17583,10076,10351
198501,13702,13079,17739,12814,23133,12134,13885,14930,13441,16059,10984,19936,22765,20644,16868,14262,-,15584,10531,9926
198502,15745,14201,14710,13322,34581,21150,19081,18771,17410,20764,11895,22065,24827,27685,20677,19041,-,23473,12052,13626
198503,13330,12611,15264,12326,22040,13407,13803,14748,13647,15178,10196,17554,22647,21134,17192,13546,-,15674,9675,10227
198504,13358,12629,16497,12319,23372,12220,13831,14801,13855,15611,10352,17562,21255,20771,17007,13865,-,16101,9740,9683
198505,13437,12729,16799,12423,23075,13018,13869,14844,14122,14924,10254,17523,21455,20814,17064,13600,-,16153,9940,9950
198506,14407,13294,16515,12701,30466,16403,16128,16626,14925,19517,10521,21080,25018,28608,17809,13925,-,17805,10070,10255
198507,14059,13101,16412,12508,51406,12958,14379,15969,13997,15944,10364,34965,22713,21395,17498,13923,-,16601,10061,10118
198508,13521,12773,16551,12391,25706,13394,14323,14998,13752,15777,10521,19032,21936,21311,17386,14362,-,16742,9290,9983
198509,13792,12910,16112,12556,26202,13298,14264,15514,14089,16081,10528,18962,24884,21273,17693,13879,-,17441,10095,10180
198510,13770,13049,16543,12709,25578,13192,14332,15174,13993,15828,10499,18996,22140,22252,17417,13574,-,17285,9959,10037
198511,13767,13100,16209,12750,25844,13115,14473,15074,13805,15727,10612,19021,21851,21764,17583,13503,-,17605,9605,10045
198512,14874,13726,16511,13324,36473,13401,14741,17125,15876,16895,10708,19053,27406,29888,20489,15890,-,20489,9886,10152
1986,15119,14249,17181,13961,28999,15356,15037,16871,15787,17470,10525,23187,24564,22068,18411,15948,-,19142,10869,10323
198601,17384,16434,20825,16245,40060,18999,15473,19257,17814,20715,11145,24963,24577,29322,20036,24147,-,27698,12287,11037
198602,16615,15207,14297,14955,26674,14833,16354,19394,18835,20635,10226,29054,25175,22928,21387,17395,-,20126,12235,11824
198603,14341,13514,16467,13209,25701,14627,14600,15985,15001,16121,11134,19964,24732,20353,17400,14458,-,17321,10393,10047
198604,14315,13513,17159,13216,24963,14571,14536,15919,14768,17145,10592,20262,23432,20410,17198,14448,-,17693,10983,9954
198605,14461,13788,16968,13463,25207,24620,14683,15807,14781,16408,10442,21544,22219,19566,17851,14647,-,18166,10288,9956
198606,14726,13926,16540,13640,25603,14107,15002,16339,15122,16939,10350,21295,25647,22917,17937,14984,-,17693,10500,10043
198607,14952,14037,16883,13528,48210,13608,15232,16828,15086,16098,10616,38010,23339,23005,17615,14552,-,18555,10618,10106
198608,14616,13715,16450,13433,25236,13952,14821,16455,15005,19133,10480,21083,24358,19720,17510,14605,-,17902,10559,10029
198609,14810,14002,16263,13754,26467,13963,14795,16450,15157,16425,10566,21333,25125,20647,18916,15258,-,20163,10647,10181
198610,14717,14030,17103,13770,26198,13800,14881,16114,15337,16267,10407,19983,24062,19815,17687,14511,-,17784,10553,10149
198611,14590,13892,16503,13633,26036,13723,14787,16002,15264,16335,10221,20294,22604,20757,17549,14500,-,18493,10524,10111
198612,15967,14999,20829,14777,27851,13923,15296,17925,17266,17415,10195,20461,29327,25375,19857,17854,-,18510,10818,10446
1987,16497,15565,17863,15335,30242,15752,16045,18338,17196,18390,11151,24686,28054,23788,20483,16288,-,20453,11854,11460
198701,24061,22333,21071,22420,45599,22679,19821,27556,26188,27107,16010,38643,42399,27951,28691,26990,-,32701,15506,15512
198702,14754,13745,15074,13474,25748,14695,14831,16784,16228,16919,10656,23812,23230,21507,17840,14557,-,18056,10593,10315
198703,15205,14468,17317,14234,25008,13703,15303,16672,15348,17235,10357,20776,27896,21492,17724,14516,-,17689,10790,10331
198704,15171,14571,17154,14325,25879,17902,15257,16361,15487,16713,10439,20446,24405,21724,18084,14616,-,17719,10607,10442
198705,15544,14909,17359,14705,25561,14027,15513,16797,15898,17011,10502,22373,24463,21294,18199,15174,-,19269,10719,10721
198706,15478,14713,17513,14529,25894,14000,15086,16988,15957,16732,10384,25111,26615,22682,18127,14643,-,17743,10557,10487
198707,16056,15170,17793,14719,50790,14732,15829,17844,16425,17298,10492,32047,26352,29139,19049,15043,-,19386,11990,11505
198708,15914,15019,18024,14754,26694,15105,15980,17703,16404,19629,10811,21836,25669,21350,19848,15956,-,19913,12211,11833
198709,16209,15216,17314,14947,27215,16885,16150,18156,16785,17606,10939,23605,28227,22907,22705,16456,-,20830,12546,11781
198710,16293,15392,17796,15165,26681,15349,16119,18044,16969,17733,11074,22726,28206,23032,20296,15847,-,20421,12565,11471
198711,15968,15170,17490,14925,27247,15162,15974,17501,16508,17554,10766,22829,25038,22084,20095,15861,-,20859,12142,11349
198712,17324,16062,20632,15798,30267,15233,16722,19735,18211,19190,11594,22238,34209,29524,24935,16364,-,20885,11963,11733
1988,18400,17284,19762,16989,34495,20688,17879,20441,19024,20174,12142,27544,32362,25923,22876,17197,-,22887,13207,12829
198801,18457,17655,20286,17508,42336,15772,16808,19985,18797,21648,12488,25242,27524,28965,23868,17210,-,22042,12534,12242
198802,25435,22730,19631,23006,28600,22541,20364,30498,29932,26874,16039,47763,45647,35148,33440,25502,-,34566,16839,19182
198803,16688,15822,18605,15516,31998,16053,16726,18300,16909,18566,11745,23591,27808,22739,20974,16526,-,20886,12067,12081
198804,16679,15926,17907,15654,27973,20868,16713,18070,16647,18487,11571,23427,27722,23567,20685,16355,-,20172,11634,11771
198805,16873,16178,18493,15910,26902,22910,16909,18146,16578,17914,11406,23031,29863,24051,20494,16278,-,20402,11702,11974
198806,17392,16440,19072,16147,32056,19716,17113,19132,17112,19010,11632,25901,31081,23730,23694,16378,-,23016,12118,12277
198807,18044,16644,19266,16029,54579,23555,18042,20656,20073,18967,11702,34749,31030,26320,21148,16299,-,21585,12767,12063
198808,17629,16645,19123,16322,29356,21225,17805,19432,17661,20998,11824,24357,31333,24264,20903,16681,-,21694,12981,12095
198809,18339,17163,19182,16843,30141,21192,18281,20451,18374,19682,12001,27897,36009,25564,22478,16370,-,23325,13840,12796
198810,17896,16971,19797,16634,29612,21126,18154,19543,18165,19523,11677,24609,30475,25288,21451,16386,-,22735,13912,12314
198811,17933,17173,20611,16816,29621,21425,18468,19276,18024,19211,11787,24457,29196,25154,21704,16298,-,21583,13530,12444
198812,19492,18085,25605,17530,50385,21659,19096,21958,20222,21248,12048,25833,40026,27425,24068,16519,-,22712,14570,12795
1989,21247,19919,21689,19431,42612,23022,21433,23439,21021,23369,13491,32564,39248,30359,26038,18896,-,25147,16153,14737
198901,28131,26086,24011,26458,36054,24550,22806,31679,29287,29475,18253,54358,47904,42875,37520,24853,-,34338,22042,17766
198902,23887,22607,21695,21796,63414,24050,25453,26071,24744,26755,16522,32782,38500,31592,27504,19802,-,28363,21186,16405
198903,18919,18067,20479,17712,32931,21469,19189,20358,18384,20838,12231,25938,34480,25337,22276,16480,-,21487,13939,12604
198904,18907,18032,19849,17694,31816,23389,19052,20375,18664,19975,12349,25514,33597,25505,22941,16526,-,22512,14041,12644
198905,19462,18494,20001,18112,36081,21629,19631,21073,18550,21293,12316,27011,37752,26635,23496,16833,-,22823,13983,12683
198906,19714,18565,20364,18144,34303,24865,19940,21608,18515,21174,12091,25214,43918,26248,24147,16986,-,22799,14378,12682
198907,20249,18785,23625,18252,35506,21927,20993,22702,20422,21651,13033,38303,36231,35379,25069,17675,-,23671,15080,14891
198908,20445,19130,21380,18588,36594,22050,21474,22619,20293,23861,13025,27934,38448,27614,24398,17545,-,24151,14901,15245
198909,21014,19271,21210,18762,37031,22545,21264,23827,21451,23100,13232,31384,42576,27912,25074,18698,-,24576,15827,15677
198910,20787,19612,21385,18676,74805,23122,21697,22667,20378,21837,12994,28235,38164,28024,25156,19104,-,26000,15804,15086
198911,20785,19344,22915,18664,37555,23256,22279,23074,20229,22006,12773,44398,35595,27936,25090,19046,-,25978,16226,15280
198912,22616,20911,23511,20135,54968,23438,23361,25300,21517,28469,13223,29709,43682,38987,29862,23032,-,25060,16633,15791
1990,24315,22686,26522,22014,47466,28249,24719,26751,24692,26376,15448,36866,39061,33984,30982,22457,-,29158,17888,16902
199001,42943,38241,44797,38188,71781,41991,35574,50243,49330,43052,27758,71409,75423,55734,57335,46506,-,48168,31848,29457
199002,21728,19802,22030,18851,67296,35257,21705,24685,21170,26651,13926,47805,36327,28139,26738,19879,-,27806,15901,15054
199003,21470,20218,22549,19646,38574,24652,22302,23368,21697,22465,13675,30103,35861,28354,25883,19671,-,25323,16306,15123
199004,21553,20389,22609,19766,38619,26133,22699,23307,21237,22668,13687,28829,36334,30429,26153,19820,-,25964,16187,15081
199005,22119,20973,22050,20420,39695,25331,22870,23829,21590,23336,13959,30197,37008,29412,27029,21304,-,26376,16767,15451
199006,22063,20567,22545,20017,38342,25200,22431,24293,22143,22656,13555,30021,38879,42809,26510,19869,-,26251,16740,15193
199007,22780,21460,26273,20823,38458,26525,23895,24770,22890,24969,14638,41546,33409,29343,27816,19600,-,27149,17388,15859
199008,22611,21437,24349,20781,38311,26772,24037,24355,22602,26523,14355,32538,32253,29763,28215,19972,-,27526,16031,16220
199009,23116,21847,24498,21056,48737,27718,24479,24983,22768,26549,14564,34121,33704,31126,30883,21017,-,28269,16969,16412
199010,23231,22001,25448,21224,42526,26772,24986,25031,23219,25051,14999,31900,35173,33291,29243,21189,-,27618,17194,16360
199011,22904,21847,26128,20972,42673,26516,25328,24447,22677,24801,14857,31884,33062,31935,28655,20672,-,28295,16334,16158
199012,25066,23070,34432,21973,64352,26417,26136,27983,25056,27943,15053,32882,43193,38050,37857,21623,-,31158,17645,16457
1991,26875,25362,28671,24430,58395,29916,28193,29032,26435,29898,17049,41579,41031,39214,33345,23702,-,32366,18235,18631
199101,28874,27498,31192,26557,77498,28791,29365,30865,28163,32591,17864,38211,42195,33105,44426,26018,-,33582,22467,18204
199102,42399,38983,34200,38208,72087,57815,40561,47319,42512,45681,29549,99142,66671,59520,45288,34356,-,52193,26635,27030
199103,23854,22292,26816,21426,44404,27869,25498,26106,23663,30154,15082,33948,34860,36862,29209,22689,-,29197,16236,16825
199104,23829,22700,33583,21793,43240,27363,26003,25449,23581,25850,15073,33109,35560,32661,29613,21435,-,28677,15966,16739
199105,24988,24056,27242,22291,121352,27161,27221,26321,23956,26419,15032,32529,38954,33264,32016,22369,-,30475,16149,16969
199106,24924,23419,27211,22669,43793,27469,26072,27079,24135,26797,15528,34573,41118,35437,31650,22127,-,34298,16891,17330
199107,25527,23961,28342,23239,44228,27676,26557,27813,24959,26412,15828,55941,36862,49937,30054,22570,-,29486,16676,17798
199108,24893,23686,25491,22859,42730,27506,27023,26636,23955,30375,15816,37368,36038,32171,29658,22405,-,30102,17704,18012
199109,25541,24208,26704,23453,43199,27378,27045,27434,24955,29877,16128,35079,38411,34307,31725,22999,-,30338,17696,19149
199110,25113,24153,26731,23207,51127,27591,27499,26462,24009,27320,16290,33144,38399,34434,31076,22514,-,29375,17810,18153
199111,24901,24036,26870,23080,45220,27519,27759,26102,23921,27356,16032,33389,35759,34220,30583,22618,-,30036,17293,18285
199112,27847,25483,29402,24423,71791,26580,28151,31102,29620,30132,16406,33988,47247,54332,35256,23143,-,31458,18259,19085
1992,29436,27937,31937,26942,60937,31017,30825,31437,28152,32272,18209,44519,46380,39911,37285,25708,-,35670,20463,21485
199201,48797,45171,53220,44772,87172,47562,44169,53765,47683,41452,28161,99277,84648,70301,73905,43397,-,62314,32806,31283
199202,31210,29280,29865,28325,86252,38460,30325,33840,29829,41313,21098,45599,45732,40094,40381,30998,-,34108,21271,25231
199203,26301,24879,26902,23977,47096,26245,28221,28244,25413,32551,16577,36649,38553,37255,32860,22580,-,32221,17991,19160
199204,25954,24933,26831,24136,46427,28780,27580,27341,25202,28643,16949,34183,36978,37192,31509,22558,-,31792,18023,19383
199205,27240,26523,27514,25225,106298,26981,28204,28208,25295,28541,16992,36127,42222,37639,33148,23301,-,31980,18574,20144
199206,26842,25409,29191,24528,46265,26990,28513,28768,25579,28752,16432,36315,45949,36887,33612,22738,-,33667,18786,19515
199207,27441,25932,29685,25079,45115,29405,28977,29481,26827,28875,17055,58544,39421,37139,31861,23759,-,31344,19229,20203
199208,27460,25954,27462,24839,45041,31189,30395,29464,25145,36504,16861,39466,43471,35552,35104,23750,-,33363,19628,20134
199209,27474,26001,28394,24931,44751,28686,30207,29408,26665,30448,16987,38174,42466,37397,33866,23969,-,35157,20549,20722
199210,27217,26185,37186,25117,44631,30623,29947,28561,25947,28938,16988,36468,42462,36160,31723,23393,-,33883,19447,20231
199211,27133,26326,31037,25033,57818,28565,30715,28177,25373,28887,17005,36554,41200,35567,31879,23599,-,33974,19861,20428
199212,30381,28680,35795,27216,75008,28635,32958,32572,29366,32534,17804,37917,53894,42612,39015,25445,-,34823,19940,21166
1993,31689,30043,32875,28826,64897,33927,33638,33752,30548,34769,18950,48782,50034,42402,39900,27785,-,37176,21124,22150
199301,58781,53875,57128,53094,93708,44585,55683,65049,59347,61802,30805,122977,96016,79716,79182,53804,-,69611,35096,35666
199302,28351,26623,28995,25509,49211,30572,30570,30554,25942,35514,18056,41325,44278,38241,41786,26219,-,35416,18951,20720
199303,27927,26818,29123,25649,49042,41124,30552,29329,26451,29299,17393,39487,44444,37808,33493,23949,-,33590,18990,20778
199304,27958,26992,29802,25841,49215,32217,31008,29174,26135,29463,17504,37327,44568,38056,33586,24090,-,33715,19975,20619
199305,28905,28057,30669,26563,89980,31842,31350,29963,27475,30677,17490,37649,43965,38793,35509,24978,-,32532,19763,20610
199306,29785,27756,30145,26606,50094,30226,31846,32313,29824,31555,17691,40471,49357,37799,41190,25133,-,35392,20362,22049
199307,29614,27896,31462,26794,48494,31327,31867,31767,28966,31622,18063,61793,42169,43105,35378,26061,-,33464,19548,20666
199308,29026,27561,29386,26383,48634,30633,31918,30855,27430,37967,17630,42358,42166,42144,34416,25298,-,34243,19974,20848
199309,30061,28792,30622,27289,89435,30728,32329,31641,28426,33137,18413,46065,45623,42762,36016,26950,-,35863,19674,21670
199310,29118,28302,33407,26798,78447,34285,32135,30129,27794,30617,17949,38888,43767,37946,34208,25531,-,33812,20088,20710
199311,29031,27854,31136,26600,51929,33546,32062,30485,27901,30977,17928,39097,45548,37951,35095,25684,-,34303,19791,20773
199312,32078,30105,32651,28774,80573,36067,33122,34518,31548,34687,18457,39957,58836,38680,41167,26975,-,35288,21464,21247
1994,33637,31833,33887,30752,69330,38065,34379,35802,32089,36712,20373,52229,56462,42056,39730,29018,-,39633,22133,23205
199401,46416,42777,49043,42563,97193,38203,40663,50881,42354,50790,26124,108686,88202,57952,58940,34949,-,55396,26353,27906
199402,45400,42381,40365,41372,127405,52459,41896,49104,43399,50205,31326,68150,76293,66858,54140,37792,-,58095,29331,30507
199403,29914,28629,30453,27562,54122,34165,31877,31491,28843,31403,18877,45970,44347,39256,34907,27432,-,37064,21982,20866
199404,30062,28871,32809,27788,53657,37930,31980,31517,28672,31830,18302,40424,48488,38617,35190,26147,-,35319,20546,21679
199405,30306,29338,31452,28308,53870,33200,32453,31487,28511,33600,18526,40964,46769,37542,35508,28008,-,34883,20254,21274
199406,31204,29696,31327,28213,53957,56502,34005,33039,29974,32088,18422,42684,54468,38426,36699,26963,-,36415,20950,21874
199407,31474,29795,33265,28718,52800,32597,33299,33508,29805,32844,18849,70449,49489,38616,35279,26746,-,35204,20495,21910
199408,30995,29214,30298,28102,52957,33036,32800,33130,29283,39254,18604,43573,51978,36853,36042,27751,-,35626,20599,22261
199409,31594,30044,30649,28939,58729,33114,33303,33431,30572,34054,18783,43760,51350,39243,36869,28411,-,37432,21374,23232
199410,30666,29579,32452,28543,54989,33122,32566,31938,29285,32728,18699,40941,47779,38216,36022,26889,-,35718,21517,22330
199411,30968,30094,31730,28619,84723,37687,33339,31980,29309,34285,18791,41063,46170,37241,35831,27136,-,36883,20888,22248
199412,35076,31804,32426,30381,87928,35393,34945,38823,35610,37768,19540,42499,73310,38368,41874,30709,-,38470,21344,22432
1995,35355,33439,35633,32494,71940,39072,35278,37433,34149,39260,22317,54649,54658,40614,41436,32927,-,41623,22116,25077
199501,66922,60887,64563,61327,156998,53739,54081,73766,65880,72085,50292,138602,117305,81304,76131,60691,-,70076,37366,42291
199502,32295,29737,31081,28881,56416,40075,31675,35157,32221,40662,20587,49696,47220,35751,39660,32930,-,39445,21682,24582
199503,31431,30232,31329,29128,55089,37029,33487,32757,30069,36337,19662,41178,46384,37974,35594,29436,-,37305,19868,23177
199504,31355,30140,32384,29250,55705,36276,32382,32684,30481,33443,20317,41194,44543,39735,37437,28859,-,37890,19945,23360
199505,32603,31365,32390,30518,56799,33981,33612,33939,30949,37001,20045,43485,49771,38659,38045,30737,-,37510,20239,23510
199506,32288,30356,31823,29243,55561,48941,33089,34367,31953,34826,19555,45209,49607,36328,40107,29972,-,40328,19844,23427
199507,32821,31044,32572,30144,54965,34110,33615,34750,30615,33621,19589,72667,51298,38644,38099,29714,-,37290,20747,23177
199508,32869,31267,32432,30284,54470,43500,33906,34584,31416,42464,19591,46568,48266,35215,37292,31753,-,38437,20617,23379
199509,32761,31186,33268,30100,64304,34517,34104,34438,31692,34430,19251,48495,50053,37101,37952,30699,-,41203,21133,24539
199510,32049,30944,34483,29951,58770,34726,33670,33226,30610,35049,19336,43391,46850,35671,37373,30176,-,39191,20809,23271
199511,31963,30941,34307,29494,90291,36773,33886,33050,30368,34432,19230,44338,46533,34972,37911,30239,-,38692,20336,23314
199512,35145,32780,35865,31349,103769,34864,35129,37655,34755,37734,20491,44789,60314,37120,43214,31279,-,42258,22388,23300
1996,36655,34697,37354,33839,79953,39304,35817,38714,34905,40985,22198,55873,56887,40445,41642,33649,-,44797,23532,25846
199601,40051,39047,52636,37116,214615,35253,37797,41118,41138,39583,20961,47636,59371,37476,44013,32384,-,45405,24268,23751
199602,60728,56299,53612,58456,69183,52368,45892,65404,53671,71105,42541,134599,107475,72322,61721,51801,-,74851,35259,36790
199603,33209,31726,34380,30668,61214,43781,34351,34775,31516,35946,20439,44261,50678,40266,40338,32911,-,39247,21649,23294
199604,32872,31728,34493,30842,60291,35993,33940,34076,31153,35757,19591,44113,48578,35574,37834,30877,-,41238,22043,23369
199605,33136,31752,32643,30773,60243,34953,34503,34596,31567,36770,19454,45180,49764,36057,38381,31704,-,40339,21835,23816
199606,34075,31964,33344,30907,59988,48666,34526,36297,32637,36654,19692,47208,55021,42199,38514,33406,-,45104,22506,23777
199607,34256,31913,33114,31020,57719,35238,34477,36721,32227,37623,20404,74230,50234,39544,39976,30983,-,40878,21986,27614
199608,33660,31601,32433,30596,57766,35497,34686,35819,32189,45794,20403,47233,48077,36219,37748,31160,-,41104,22106,25094
199609,34364,32458,34096,31520,61357,35744,35048,36362,32943,38627,20423,48150,51597,39325,39159,33026,-,44709,22104,25815
199610,33594,31936,33770,30934,58779,41375,34658,35330,32171,37637,20465,47260,49950,35995,38331,31562,-,41500,22620,26129
199611,33322,31962,34248,30582,92212,35579,34792,34744,31759,36464,20485,45234,48622,35593,38281,31061,-,41290,22108,25471
199612,36387,33713,38426,32567,105211,37400,34652,39194,35466,39884,21191,46450,63739,35236,45567,33136,-,42761,22757,25151
1997,38435,36179,38545,35408,80437,40281,37029,40787,36406,42717,23528,58831,60597,40666,44042,35394,-,47378,24894,26929
199701,58162,53799,58977,53154,245705,52667,45340,62756,56817,57576,30407,130016,82723,90125,63716,50195,-,72014,38046,39724
199702,49204,45007,48200,45284,65123,44824,42320,53604,50205,53961,39859,73605,75876,43584,51771,52115,-,59372,29836,32759
199703,34469,32359,34013,31375,62391,37835,35021,36679,33255,36295,21627,46164,55763,35847,39560,33207,-,43762,22244,25377
199704,34686,32590,34756,31602,63123,45401,34860,36878,33150,39173,21033,47590,56947,35014,39386,31631,-,41535,22594,25754
199705,35019,33148,34638,32281,62816,36534,35359,36977,32772,43201,21147,46922,54463,35098,39756,31906,-,44439,22350,25596
199706,35666,32986,35068,32041,63062,44571,35151,38462,34656,39337,20868,50604,61395,36373,40363,33056,-,43637,22676,26860
199707,36169,33552,35229,32713,60282,35158,35927,38897,33301,36720,21131,78875,59724,39323,44586,31114,-,43094,23264,24846
199708,35150,32976,34527,32044,59906,35191,35780,37406,32716,47780,21184,44934,55572,35529,40152,31398,-,43699,23831,24247
199709,35419,33920,36368,33086,61598,36826,36133,36972,33150,38329,21107,48994,55037,35339,40478,33172,-,44838,23563,24441
199710,34774,33731,35532,32884,61418,41617,35805,35853,32045,38313,20883,48305,52642,35297,38413,31898,-,42073,24072,24043
199711,34485,33525,35578,32658,61627,37499,35847,35481,31862,38165,21177,45407,50601,35376,38786,32586,-,42775,23276,23908
199712,38565,36874,38550,36116,98264,35517,37005,40310,34096,43941,21495,47320,67391,35209,51805,33655,-,47505,23955,25638
1998,39603,37234,40083,36438,88192,41708,37886,42022,37696,44076,24040,61421,59546,41719,45393,34814,-,48920,26256,29530
199801,76755,72986,79434,73630,304752,58770,56787,80633,66932,78435,38150,163189,142181,76608,79596,52231,-,94330,42778,42628
199802,37384,32499,37238,31407,64651,43802,35340,42414,42183,40388,30129,55136,47461,52489,41908,39360,-,44180,28464,33402
199803,35444,33392,36372,32419,66982,44827,35595,37554,34093,39703,23278,48897,51400,37495,39706,38255,-,44004,23493,26608
199804,35596,33668,36861,32892,64576,38397,35365,37573,34189,43082,21322,48133,51902,35213,39406,31391,-,44856,24189,26470
199805,36433,34708,36904,33991,66414,36974,36211,38202,34955,40181,21726,50899,53405,38304,40147,32850,-,45024,24431,26567
199806,35564,33857,35988,32826,64908,51975,36186,37314,33914,38799,21170,49016,52204,35433,42433,32564,-,44150,23668,26807
199807,36866,34146,36066,33347,64175,40775,35964,39648,34785,38634,21339,82530,53303,37385,44029,32473,-,44517,23862,26949
199808,35713,33171,35859,32159,62760,36381,36277,38304,33635,48614,21261,49483,51900,37316,43238,31266,-,44561,24114,29310
199809,36009,34470,36015,33689,65427,36403,36416,37573,34521,38748,21430,49227,49519,38043,42684,31617,-,45089,24342,30444
199810,35437,33732,36600,32860,62948,37008,36177,37166,34044,38726,22135,48977,50054,36466,39441,31405,-,45058,24890,28527
199811,34875,33346,35976,32431,62663,36247,36052,36423,33315,39085,22613,48625,46307,36238,41013,31139,-,44122,24512,27854
199812,38909,36492,36242,35422,105819,39102,37660,41347,35730,44245,22864,48921,65443,38310,50807,33633,-,47792,25791,28175
1999,40781,38410,41432,37746,91265,44729,38070,43166,38695,45074,25117,61260,60332,44429,47349,34920,-,51020,26524,30825
199901,48361,46796,50061,47007,119179,54917,40672,49934,44325,50697,26891,65603,77020,58240,52701,36666,-,58088,27265,34129
199902,64535,58785,63384,58608,267900,60322,46099,70326,60176,72402,45780,130387,99531,66117,71349,58249,-,88560,36568,40840
199903,36255,34604,41109,33633,68176,53095,36373,37920,34803,42002,23249,50518,47661,37606,40826,32865,-,46527,24326,28430
199904,36385,34403,38060,33597,68948,40604,35932,38380,35520,39606,22085,50488,51634,38547,40992,31991,-,45194,24640,29328
199905,37005,34976,38224,34188,67472,42293,36524,39052,35650,40419,22073,49541,54602,38299,43715,31874,-,46130,24934,30122
199906,38061,35831,37581,35238,68744,38016,36645,40314,36111,42635,22452,53419,57666,42735,44558,33445,-,46412,25255,29781
199907,37961,35334,38416,34600,66576,38099,36956,40596,35969,39395,22825,82023,53376,41210,42630,32501,-,46473,25193,29235
199908,37847,34911,36664,34013,64937,40371,37403,40794,36255,49505,22312,49088,59412,41481,42076,32525,-,46804,25047,30168
199909,37916,35389,37012,34577,67287,37810,37471,40449,35465,39659,22764,50765,59690,44606,51376,32401,-,48395,25787,31091
199910,36751,34941,38053,34056,65180,37998,37452,38567,35024,39162,23363,50672,53512,38487,42075,32052,-,46254,25563,28286
199911,36618,35249,38408,34310,66308,50754,37363,37990,35200,39740,23624,49602,47598,38165,42618,31728,-,46974,25453,28206
199912,42087,40053,38191,39567,110483,42813,37940,44130,40433,45707,24139,54543,62915,46176,53243,33912,-,47793,28157,30080
2000,41831,39505,43066,38922,91805,44341,38897,44143,39541,45951,26060,62759,60872,43716,48628,35277,-,53397,27592,31335
200001,66080,61057,72885,62619,131472,68480,47337,71109,63035,68166,39522,122757,113448,73002,67139,46554,-,75599,35546,42388
200002,52127,48458,53392,47119,245618,41733,42850,55790,46851,62104,37438,77946,82415,50505,61593,45802,-,74764,32291,34672
200003,37819,35931,38866,34998,68687,56494,37758,39705,34566,43046,24441,52606,58824,39368,42857,32184,-,47043,25984,28879
200004,37561,35800,38962,35104,70908,38514,37096,39316,35641,40142,22780,50729,55349,38807,43355,32183,-,46683,25598,29523
200005,37817,36470,38641,35856,71178,38707,37398,39159,35328,41843,22906,51121,52548,39676,43937,32656,-,47680,25647,30166
200006,38827,36235,38709,35594,68542,38889,37454,41413,37919,41858,23907,56004,56930,39020,46346,33738,-,48521,25634,30100
200007,38825,36525,39380,36014,67416,39366,37097,41110,36398,48581,23838,74400,48898,40284,44245,32957,-,47669,25798,29467
200008,37896,36003,38234,35264,66178,40411,37861,39770,36559,41030,23407,51431,50863,38774,45297,33364,-,50788,26201,30723
200009,38470,36459,40254,35769,66927,45302,37759,40464,36896,40671,23272,53323,51810,40661,48883,33260,-,53461,26224,29608
200010,37722,35937,38739,35263,66340,39402,37455,39490,35821,39891,23217,51951,53765,39516,43738,33316,-,48220,26532,30050
200011,36953,35446,38431,34627,67803,39120,37652,38442,35719,40099,23115,51687,45635,39149,44147,32645,-,48519,26736,29158
200012,42018,39770,38952,39070,110039,45225,38654,44239,40157,44081,24971,62523,60366,42303,51435,35026,-,52342,29212,31159
2001,41952,39011,44068,38420,97399,46002,37746,44796,39775,48019,25973,62100,62657,42277,48812,35579,-,54484,28338,29927
200101,76318,70530,84403,72405,186560,94269,50037,82003,70233,88011,44054,136279,128517,79197,80937,57093,-,97150,42272,41629
200102,39113,36186,39003,35455,70044,41449,37698,41985,38220,41109,23797,51660,60177,39348,46186,36905,-,51414,27155,29070
200103,38310,35519,40359,34689,70576,38655,37572,41044,36048,45022,24095,56592,56341,39681,45873,33809,-,50888,26772,29308
200104,37474,35493,39092,34792,70106,39124,36812,39403,35585,40681,23759,51681,50924,38719,45592,32895,-,50686,26846,29177
200105,37762,35494,39609,34780,70037,39035,36889,39961,36509,41354,23686,51780,51327,38649,45459,33184,-,50876,26710,29065
200106,39322,36017,39080,35340,69025,39226,37320,42514,38514,41402,23683,53702,62343,39131,45965,33694,-,51840,26612,28977
200107,38801,35795,39562,35388,65804,38902,35736,41693,35820,42048,25041,77357,57747,36980,43681,32667,-,49149,26879,28541
200108,39665,35341,38373,34863,65927,41308,35498,43818,35991,69299,23819,53070,63244,37671,44310,32939,-,50916,26849,28412
200109,38318,35991,40826,35684,67912,39513,35138,40545,36559,40725,24145,53310,55574,39019,45187,33727,-,49730,28087,28420
200110,38665,37606,40994,34850,257136,43880,37295,39679,36093,41084,26244,51631,51761,37846,42609,33016,-,49324,26960,28777
200111,37313,35003,41158,34294,68321,47611,35900,39523,35930,41082,24268,52890,51463,37120,42764,32832,-,49659,26899,28252
200112,41355,37994,43858,37264,109864,48400,36318,44575,41272,43745,23946,54291,61845,40720,56056,33906,-,52017,27170,28596
2002,41533,38843,44804,38444,93466,43917,36844,44105,39152,46512,25687,59239,65703,40896,45653,34605,-,53841,27889,29236
200201,53928,52486,56487,53196,151567,42655,41630,55312,48318,51327,31717,90165,93259,44885,48639,36370,-,63475,32972,30615
200202,55848,50166,64542,50407,121254,68506,42123,61266,54847,65932,34016,74718,89404,62114,59856,51102,-,79645,36000,36944
200203,38293,35356,41057,34955,68200,38869,34998,41100,36411,42400,24090,54024,60847,39527,42784,34141,-,50162,27227,28130
200204,38656,35799,40590,35385,70162,38754,35476,41395,36783,40618,24609,51316,64603,37953,43189,35352,-,48978,27119,28757
200205,38765,36729,40445,35772,117493,39008,36336,40727,36787,42145,24005,50529,59747,39477,42890,32581,-,48533,27138,28061
200206,39135,36566,40958,36290,71391,39048,35447,41606,36525,42474,26140,53104,63388,40756,44216,33005,-,51724,27302,27970
200207,38782,36680,42246,36385,68455,39590,35872,40803,36614,40939,23801,51707,57730,38412,47526,32437,-,52470,27269,29494
200208,39421,36075,41828,35145,100694,50462,36100,42622,35863,42436,23705,76451,68396,35813,43111,32177,-,49921,26460,28027
200209,39599,36692,46040,35896,108163,41768,35833,42376,36487,62207,24490,51762,57866,36664,43698,32716,-,51452,26296,27952
200210,37501,35685,41262,35264,66088,39227,35715,39234,35256,40500,24734,50423,54541,36673,42996,31615,-,50982,25919,27805
200211,37214,35327,40748,34837,66579,41234,35597,39006,35391,40645,23713,51111,52740,37577,43229,31340,-,49531,25798,27870
200212,41612,38882,40900,38262,110448,48334,36904,44195,40873,46571,23938,56155,64885,41358,45410,33928,-,50262,26625,29412
2003,42068,39858,47720,39558,95191,43954,37214,44152,39610,45936,24951,60292,64645,40431,47411,32871,-,55702,27666,28947
200301,73052,68827,71197,70135,199586,62215,51669,77039,70793,67591,36491,118114,133224,67577,73428,42776,-,85638,37055,37892
200302,39404,37071,81365,37028,69131,41016,33859,41605,37006,42152,26130,55707,58130,38190,44877,32875,-,57056,29790,28761
200303,37955,35825,41076,35497,69256,38673,35086,39972,36291,43669,23787,53141,51207,37219,43134,32258,-,54556,26598,27783
200304,38312,36023,41216,35598,69050,38785,35921,40481,36554,40248,22933,50856,59113,37011,43059,31351,-,54308,25922,28053
200305,38853,37649,42154,36729,120768,38576,36982,39996,36617,40094,21857,51681,54987,37145,44031,31237,-,53977,24543,26944
200306,38339,36185,41719,35926,68239,38890,35124,40385,36256,41027,22158,50806,59144,37319,43737,31666,-,53533,25970,27382
200307,38878,37020,43147,36800,68561,39968,35736,40638,35714,40641,23685,50828,62857,39519,46613,31668,-,50660,26696,28013
200308,39697,36979,42760,36619,67683,55568,35790,42255,36018,43744,24040,83866,58395,37638,46113,32300,-,50765,27247,27570
200309,40673,37603,41825,36782,119292,39786,36446,43561,36991,65336,24241,51705,63338,37921,45159,32635,-,52429,27176,28311
200310,38295,36882,41045,36105,101598,42631,36568,39623,36239,40279,23995,51673,53708,37230,43608,31320,-,50911,27043,28538
200311,38141,36623,41250,36391,68139,40218,35465,39563,36083,40702,23675,51781,54729,36870,42985,30791,-,50559,26700,27992
200312,43426,41810,41619,41482,121151,50972,37526,44937,40602,45349,26447,54102,67287,42012,52688,34251,-,55227,27613,30490
2004,42684,40849,46307,40666,94525,42880,37916,44386,39819,46884,24812,59417,66671,39781,49292,32707,-,55341,29662,29421
200401,75922,72458,90755,74230,189112,63153,52609,79155,67961,74712,36621,116308,149124,62045,83544,44787,-,94853,46231,43809
200402,39578,38000,40672,38105,68182,38459,34979,41051,36624,43361,24043,53554,62410,37056,43414,31392,-,50818,27316,27452
200403,38950,36969,44458,36649,72425,37284,36242,40803,35864,42858,23408,53526,62426,38750,44365,32192,-,51434,27553,28301
200404,38739,37349,41686,37137,68839,37581,36274,40034,35789,39649,23802,51144,59662,39094,44260,31730,-,51801,26782,27431
200405,38842,37841,41822,36948,124665,38046,37104,39778,36034,42697,22996,50378,55761,37687,44799,31974,-,50852,27384,27279
200406,39954,38842,41856,38816,72442,38335,36503,40989,36984,41626,23270,53609,60405,37667,46505,31860,-,52124,28014,27273
200407,39857,38672,41802,38594,69721,43549,36599,40957,37560,41240,23337,51772,58848,37877,47868,31640,-,50844,28654,29075
200408,41079,37318,44089,36559,103848,48356,36699,44563,39440,64886,23303,74013,57208,37314,44477,31929,-,51933,28247,27471
200409,40129,38380,41539,37721,109894,45597,37031,41745,36952,41911,24743,50955,64222,38132,49112,31243,-,54103,29860,29892
200410,38735,37301,41143,37027,68812,43502,36416,40059,36921,41186,23432,50417,55269,37334,44836,31173,-,51547,28864,28958
200411,38460,37232,41341,36974,68688,40326,36422,39589,36370,41101,23436,50915,53586,37726,45145,30761,-,51381,28837,27941
200412,42703,40483,41923,39987,116878,40742,38265,44744,41736,47555,26082,57067,62064,38426,54154,32798,-,53554,29077,28214
2005,43162,41916,47671,41868,91184,47647,38450,44280,39546,48516,25121,61381,65113,38819,50871,32815,-,55604,29898,30384
200501,65046,66077,64281,68515,139483,52126,46611,64104,56404,72384,29076,102121,89066,47705,84438,40902,-,88281,34619,44065
200502,55615,50538,57075,50828,126881,77355,41789,60242,55609,49701,32034,70912,114870,50939,61039,38834,-,64833,34391,34939
200503,39101,37281,43922,37009,69381,40320,36473,40758,35686,46278,23900,55294,60382,37275,45133,31846,-,51406,28938,28400
200504,38799,37379,41879,37135,71124,40679,36306,40086,36335,41082,23652,53481,56928,37160,45122,31576,-,51139,28622,29164
200505,38985,37671,42090,37440,69602,40449,36674,40170,36109,42992,23762,50779,57511,38153,45997,31818,-,51555,29014,28724
200506,40011,38697,43446,38572,71237,41303,37011,41188,37875,41638,24415,56222,56246,37782,47073,31862,-,53476,28799,28639
200507,39708,39315,44346,39361,69827,41550,36746,40059,36002,43230,24163,52217,56858,36849,46353,30841,-,52117,28740,28390
200508,40947,38028,55051,37669,70509,51518,37089,43557,35997,68324,24473,80398,57709,36230,46144,31145,-,51980,29315,27512
200509,40282,39096,42719,39009,71472,41370,37260,41339,36178,43785,24303,57334,63316,36629,47984,31554,-,52128,29461,28931
200510,38555,38319,43201,38057,69500,50793,37111,38765,35046,41915,23963,50668,52598,36084,44044,31180,-,50696,29290,28816
200511,38558,38296,42635,37323,125335,41083,38218,38791,35122,42245,23904,51570,52930,34848,44782,31129,-,49209,28924,28500
200512,42701,42303,49880,41483,140535,52969,40103,43053,38641,48483,24457,56651,63550,36907,53275,32162,-,51960,29119,28261
2006,43492,42515,53344,42403,97230,47251,39168,44349,39380,48340,24960,61134,69054,38313,51721,32622,-,55430,31303,30203
200601,82095,79005,100910,81332,201787,97574,55233,84811,76488,75811,37401,128212,155433,77346,99457,43487,-,98253,50180,49735
200602,39976,39632,42278,40021,71208,40893,34943,40279,35555,42998,25504,53128,61076,34385,45955,31310,-,51349,29715,27789
200603,39073,38282,43320,37919,72706,39904,38036,39772,35071,44868,24010,53382,59228,34120,45772,31830,-,49585,29507,27995
200604,39425,38331,43646,38148,71479,39930,37049,40389,35852,44995,23676,51324,62729,35586,45200,31508,-,50179,30283,27985
200605,40352,39655,43811,39113,109454,40703,38183,40964,36230,43961,24037,57837,59930,35976,49332,32009,-,52820,30197,28503
200606,39566,38667,42937,38520,72429,40379,37150,40354,36904,43236,23734,52248,58128,34770,46854,31732,-,51135,29172,27730
200607,39783,39653,55047,39709,71950,40137,36923,39897,35615,42510,23745,51961,59457,35304,48511,31558,-,51076,28803,27940
200608,41257,38790,46782,38033,107646,52173,38029,43419,35312,68124,23693,71403,67655,34172,46296,31424,-,51528,29637,27597
200609,39934,39383,41418,39051,72054,54723,38378,40417,35700,42358,23773,51665,63091,34222,48546,31974,-,52467,29500,27850
200610,39581,38966,42733,38829,70217,39905,37671,40120,36205,43026,23805,52735,57201,36723,47026,31870,-,52831,29364,28301
200611,38815,38587,58391,37540,124458,43773,38713,39014,35145,42703,23345,51176,55664,33832,44912,31432,-,51077,30142,27981
200612,42479,41617,78516,41028,120660,39090,39714,43230,38504,45592,23360,58421,67778,34992,53399,32264,-,53948,30399,33183
2007,44411,43358,50949,43240,98519,44399,40310,45320,39463,49095,25476,63731,75824,37874,53144,33102,-,56613,31414,29925
200701,48933,48447,71245,48429,125571,42789,43532,49356,40641,59249,24837,67486,88972,40098,62909,34679,-,62384,32324,30470
200702,74818,73066,60797,75988,125556,78772,51842,76334,66572,62409,37689,138852,150228,67828,81504,41652,-,89831,47061,42350
200703,39627,38732,42471,38367,71367,38660,38722,40402,36387,46082,24636,53435,57597,34978,45358,32681,-,52078,29785,28509
200704,39466,38410,42579,38095,73797,37773,37947,40380,35750,43937,23580,51395,63485,33929,45748,32129,-,52500,29689,27945
200705,40518,39333,42250,38467,107789,43391,39736,41542,35800,43738,23793,51277,73067,34541,47823,32208,-,52573,29783,27990
200706,40852,40055,43567,39884,76078,38892,38726,41541,37144,43155,23932,53300,66145,34332,49490,32608,-,52169,29622,28432
200707,41544,40176,59349,40053,71793,41888,38533,42721,36162,66048,24776,52767,66401,33038,49863,31668,-,51888,29198,27769
200708,41493,40792,48853,40401,108305,47922,38235,42095,35933,44389,24381,59708,73813,33514,47687,31832,-,53155,29562,28156
200709,42695,40710,44181,40689,71092,47002,38451,44407,37790,43984,24455,75531,78818,35930,50036,32305,-,53304,30197,28129
200710,39756,39137,42370,38993,69884,41069,37882,40291,35994,43400,24150,52412,60221,36046,47031,31802,-,52576,31034,28720
200711,39618,38877,41835,38685,70956,38080,37989,40257,36142,43664,24568,51975,60682,34718,47047,31692,-,51605,29104,27592
200712,43982,42888,71107,41211,210375,37544,42245,44925,39262,48993,25121,56629,71505,36520,63850,32749,-,55991,30429,33021
2008,44418,43384,51333,43297,89432,44521,40754,45296,39956,49585,26699,63777,71520,40340,54169,32916,-,58134,31931,29314
200801,65800,66005,75724,67603,144705,66452,51218,65625,54773,66100,30697,101702,130717,52044,78221,36907,-,87612,43176,33137
200802,59666,56990,55051,58345,110750,52778,45543,61951,55143,55266,36262,93785,118585,58172,67546,38756,-,68221,37509,35615
200803,40313,38972,43201,38687,72060,37535,38586,41462,36557,52422,24929,55392,60276,36589,48016,32552,-,52384,30238,28055
200804,40236,39185,43503,38987,73120,38704,38160,41135,36717,43782,24686,52464,64584,37487,48033,32269,-,51830,30254,28084
200805,40603,40389,44403,39881,99854,37952,39700,40786,36652,44861,24759,53140,59072,36876,48753,31859,-,54027,30694,28487
200806,41230,40218,43822,39988,74883,37335,39495,42091,37907,44534,24944,56543,65138,37327,49620,31943,-,53722,30111,27808
200807,42742,41195,45264,41216,70482,47652,38767,44053,37359,69233,25181,61004,63140,38264,53954,31732,-,56261,30090,28064
200808,41467,41077,68402,40643,96751,45308,39503,41798,36448,44524,25347,71655,61511,37548,47825,31762,-,54768,30859,28246
200809,41376,40873,42396,40758,71826,46075,39224,41801,37668,43285,25753,56357,61778,38643,52268,32152,-,53495,29670,28995
200810,39596,38724,44892,38250,68841,39100,39477,40332,36622,43491,25424,52349,56435,35730,47341,31443,-,55063,30726,28284
200811,38194,36659,61256,35940,72024,37762,38190,39483,35962,42329,25016,52170,54073,35631,45876,30655,-,54313,30343,28061
200812,41912,40199,47522,39038,117697,47856,41237,43341,37612,45065,27726,59382,61928,40231,63298,33575,-,56705,29797,28753
2009,42299,40338,49448,39525,96285,44042,40870,43867,40081,47911,27106,61888,67713,39032,49426,31249,22197,57858,31242,29738
200901,68190,64503,87923,64927,143726,80876,55421,71167,62816,74454,42163,102466,137716,57835,71801,38443,26857,97163,41861,44336
200902,41207,36917,42768,35141,143444,37520,39855,44657,42441,45922,26615,76156,64000,34755,50440,31421,21538,54542,29260,28578
200903,38646,35670,42482,34621,73057,37581,38992,41031,38359,41972,25189,52131,62055,35344,47785,30766,21779,54096,29564,28181
200904,38988,36606,42354,35794,69591,37723,38895,40895,36807,43157,25162,53556,63525,36379,46761,30850,21995,56817,29428,28248
200905,39816,38009,45943,37026,89861,38421,39973,41263,38429,43344,25647,56356,59820,37578,47059,31244,21703,54383,30263,29511
200906,38306,36898,42958,36121,70252,37695,38947,39432,36191,42257,25219,51306,57506,37142,45454,30230,21631,52976,29612,28140
200907,39758,38705,44773,38273,72484,37469,38899,40600,36482,41830,25363,62101,60139,38390,48258,30026,21992,54588,29703,28230
200908,39638,37581,64114,36865,69569,48885,38512,41279,37742,42850,25794,72714,57623,36552,47100,30039,21623,53547,30577,28314
200909,40682,38966,43635,38484,70914,41187,39360,42051,37899,58683,25378,52871,61018,38147,46991,30820,21868,55239,30744,28261
200910,39972,38810,42392,37837,98858,38092,40289,40897,37580,42206,25344,54527,63720,37899,46613,30562,21642,53559,31053,28453
200911,39196,37872,42561,37209,68772,38550,39464,40249,36804,52106,25008,51753,56822,37384,46427,29983,21753,52567,29815,27980
200912,42972,43133,49342,41557,184921,54328,41858,42843,39095,45924,28342,56868,67296,41068,49048,30995,21922,55253,32818,28540
2010,44646,43465,52551,43152,96523,45106,41598,45600,41766,49012,27788,64266,74219,42093,52141,32064,22459,57897,32687,30832
201001,54041,54661,88458,55301,132438,59498,45256,53547,48313,54078,32600,64805,99960,57051,62597,33230,22048,68914,35972,32567
201002,67524,63119,64191,63979,116995,69207,54221,71033,65937,63799,36993,119061,143057,61196,72279,38091,27533,80983,45033,46749
201003,40904,38872,42406,38379,71781,42141,39281,42538,41199,45257,25441,54506,62809,36583,47379,31800,22969,53611,30847,27962
201004,40427,38835,42682,38432,72285,37598,38943,41710,38232,43263,25488,55357,67060,37743,47400,31488,22122,54405,31459,28137
201005,41310,39471,42671,38747,97755,37705,39842,42797,38839,42931,25357,80101,64856,37280,47121,31240,22037,54291,31175,28791
201006,41787,41069,43797,40885,74474,38581,40050,42369,37781,43538,25825,56683,70675,42488,52402,31423,22110,54570,31195,28447
201007,41748,42247,43251,41018,173716,38650,40942,41342,38001,43386,26181,64347,59043,38541,49470,31004,22004,53682,31255,29563
201008,40602,40195,70197,39966,72147,41431,39072,40933,38201,43441,26442,52769,59722,36656,47935,30944,21569,54738,30427,29792
201009,43306,41313,43545,41154,72568,40553,40222,44923,39806,69746,26247,58062,70170,39253,48602,30762,21836,56804,31779,30118
201010,40267,39675,42491,39341,70100,43609,39362,40748,37616,43393,26122,53457,60721,38157,47881,30855,21591,53731,31015,29349
201011,39857,39249,63731,38577,84799,44611,39624,40350,37093,42804,25838,53412,60502,39463,46022,30921,21599,53543,30910,28937
201012,44655,43729,42756,43011,119369,48224,42761,45406,40628,52435,31104,59283,72107,42278,57474,33176,22178,55852,31280,29474
2011,45961,44824,53978,44603,95382,45828,42716,46881,42562,50333,29715,66291,76920,43783,54097,32855,22416,59900,33236,32526
201101,83406,78402,101777,79609,143294,83270,66816,87453,78453,82930,46100,134339,195495,96716,91532,40721,26660,99532,46982,51292
201102,46182,47382,67020,48142,78012,40923,41197,45210,42111,49989,32125,58031,64294,42647,53630,32808,22913,58533,35961,32574
201103,41097,39346,43092,38972,71669,37665,39516,42522,39862,43175,26573,54155,67770,41554,47157,31779,21661,54303,31953,29373
201104,40994,39323,43835,39018,73968,37693,38929,42355,38248,42926,26439,62297,68656,38554,48494,31924,21575,54759,30674,29694
201105,42357,41549,63709,40769,127261,38171,40584,43015,38698,46321,26429,77999,62773,37569,47488,31931,21520,56707,30622,30282
201106,41992,40655,44110,40392,73300,37694,40245,43080,38834,43948,26570,57731,69561,38496,55318,31793,21415,56206,31779,31291
201107,42878,42548,43818,42666,74339,43672,39743,43147,38388,58026,27654,67342,63088,36557,49033,31686,21779,53973,31401,30103
201108,42696,43381,63879,42649,148989,37794,41036,42142,38588,44802,28180,54200,63913,36323,50929,31979,21993,56051,31895,30006
201109,43571,42224,47271,41945,72499,55972,41042,44656,39283,55724,27619,60076,71277,37594,50653,32257,22627,62141,32315,31512
201110,40889,40030,43214,39453,90684,38586,40173,41581,38551,43166,27523,53607,63424,37242,47521,31800,21915,54752,31851,30422
201111,40122,39184,43123,38603,71885,48640,39852,40874,37755,43722,27274,54072,59379,36474,47700,32172,21903,54205,31392,29941
201112,45947,44430,43856,43719,118529,49091,43504,47162,42453,49299,34432,62850,74443,47904,60346,33546,23078,58017,32401,33930
2012,46109,45309,52752,45238,92871,43675,42683,46747,41815,50364,30072,66962,77957,41546,54950,33436,22773,60261,35446,32601
201201,84305,83527,106520,85642,186726,81151,64443,84926,74666,82324,48180,137932,187661,65315,96137,42727,30254,98809,54735,47464
201202,42445,41768,43749,41114,73258,39112,43697,42986,39372,46595,30318,55033,66915,38908,50462,32266,21786,54396,32843,30125
201203,41583,39895,43794,39396,76031,37202,40593,42933,38417,44112,28186,54387,72695,36895,52333,32878,22007,55472,32198,30370
201204,41711,39818,43725,39495,72227,37414,39728,43225,37985,43348,27799,62817,75735,37309,49311,32676,22432,55931,32653,31342
201205,42150,40610,43358,39919,109065,37349,40409,43379,38861,45892,27651,76140,65189,38463,48566,32592,21988,55777,32558,34045
201206,43138,42566,44753,42694,75806,39163,39854,43595,38593,45243,27876,58675,71732,38489,55645,32900,22060,57927,32790,31009
201207,42646,41352,44143,41366,73740,40735,39206,43680,38163,58305,28492,69635,64601,39954,49778,32692,22044,55533,33052,30691
201208,42014,41655,74011,41569,75863,46861,39364,42301,38480,44599,27857,54729,66500,39819,50018,32008,22104,56222,33911,29939
201209,44251,45761,50971,45862,110753,44707,41021,43050,38670,44690,28005,59764,65629,41329,50624,32819,22446,60127,34794,30780
201210,41159,40531,44985,40345,72236,37790,39715,41659,37439,52652,27641,54337,60153,39270,48238,32130,22204,55764,33677,29955
201211,40244,39664,44659,39343,70979,37511,39587,40704,37123,44205,27404,54695,58942,37719,47795,32010,22109,54970,33337,30029
201212,47975,46827,47425,46420,117397,45777,44690,48884,44219,52494,31916,67057,79508,45381,60645,33670,21750,62498,38838,35757
2013,46174,45434,54871,45448,88934,44143,42540,46756,42249,50021,30459,65547,77864,42165,53835,33662,22923,59908,36070,33020
201301,60705,60700,100567,61143,138765,56920,52963,60709,54711,66318,34166,80057,111468,54544,70779,37193,23986,84448,42886,35118
201302,62943,60173,56621,61417,76180,65553,51584,65126,59900,57355,40677,105172,139587,63203,65649,38380,25480,62820,47489,42486
201303,41823,40618,45267,40293,72066,37292,40620,42773,39205,47490,28710,55245,65363,36968,49221,32968,21548,56519,35285,29942
201304,42137,40763,45580,40518,74855,37574,40126,43218,38150,44359,28111,64849,73334,37922,48706,32852,22131,56105,34790,30056
201305,42627,41290,44943,41081,73192,37534,40622,43680,38555,45855,28337,66676,73739,38238,49101,32869,22345,56056,35298,30838
201306,43104,42503,48620,42463,74833,37851,40877,43578,39118,44869,30038,59627,66866,38621,51241,33746,22457,60553,34691,31187
201307,43499,42469,45143,42479,73761,38315,40615,44311,40557,55254,28634,67341,63541,39731,50523,32668,23187,56240,33781,30962
201308,42791,43242,44455,43565,74174,38867,39627,42436,38609,45251,29355,56287,63830,39573,51182,32471,22630,56141,33024,31107
201309,43623,43677,45390,43700,74161,44731,41501,43580,38927,46216,29574,60428,69750,40368,49896,32988,22590,58079,34026,33061
201310,42458,42201,64251,42267,73152,44251,39532,42659,38247,54917,28856,55367,63803,38027,48947,32316,22956,55657,34506,30967
201311,41838,42077,71295,40965,148981,50965,40909,41651,38123,44069,28774,55682,61064,38874,47843,32466,22821,56481,33806,31164
201312,46832,45704,45787,45720,113709,40566,41629,47716,43001,48492,30635,60927,81806,41080,63236,33190,22937,60202,34074,39525
2014,47832,46903,54093,47018,94111,44919,43251,48558,44377,50291,31676,66386,83085,44786,55491,34689,24226,61298,35829,34491
201401,89138,83258,116980,85023,150657,82155,68493,93734,88971,80148,49155,141147,207695,95381,100385,45692,31141,101976,53938,56301
201402,42260,41703,45485,41997,72426,38116,38196,42696,38277,45128,32320,55807,66091,39091,48200,33137,23001,57088,34765,30102
201403,43150,40988,46002,40756,74653,41023,40153,44841,41970,46193,30357,56058,74127,38221,48739,33326,23072,57393,34806,31540
201404,42810,41235,45758,41167,73037,38395,39756,44043,39093,46058,30020,64483,73917,39235,50285,33233,22953,56438,33844,30468
201405,45049,44341,46659,44548,75110,44407,41132,45602,39902,45446,30015,70367,81433,38955,50815,33811,23048,58629,34321,34219
201406,43036,42080,45046,41982,72641,38496,40868,43784,40117,43938,30133,54877,70936,39897,50165,33862,23330,58100,33165,32116
201407,46470,47176,47766,47978,75568,37639,41177,45917,42066,57302,29298,66950,73183,39099,50082,33544,23452,56337,34018,31123
201408,45093,46843,46529,46458,155691,39348,42546,43727,39699,47601,29665,56545,67758,40501,52463,33849,23692,57798,34386,31393
201409,44915,44456,46789,43823,120414,60163,42267,45274,40355,53519,30169,58906,74298,44002,51402,34631,23997,57911,34487,31915
201410,42696,42584,71111,42530,71292,37771,41124,42783,38806,44022,29204,55507,67916,39283,49556,33528,23474,57107,34246,31811
201411,42907,43142,45764,43356,71567,38199,40338,42724,39070,44032,29399,55834,65791,41476,49080,33248,23262,57064,33850,31805
201412,46905,45361,45962,45031,116439,43636,42912,48106,44473,50427,30899,61205,74151,44185,65106,34669,26229,60213,34188,41514
2015,49024,48373,57198,48713,96595,44357,43346,49526,45422,51579,32508,66595,84742,44075,56132,35451,24304,64100,36184,33901
201501,52603,51434,99258,51897,125079,44803,43879,53510,48705,55081,35795,67206,97858,47009,62811,35826,25185,68630,35983,35846
201502,87499,84384,77556,87441,91469,71580,66459,89909,88492,73392,50836,130694,192293,77565,87685,46409,29930,104125,53567,51171
201503,43470,42107,45492,42036,73110,39875,40616,44527,40612,49258,30526,57543,68538,43514,51417,33609,23631,59175,34328,32239
201504,43806,42438,45403,42560,72823,43609,39598,44865,38989,45180,29923,62871,83606,40075,50329,33813,23166,57428,34620,31916
201505,44354,43307,45000,43625,75676,37555,39638,45164,40185,45847,30343,66295,76146,41730,50991,33775,23418,59400,34155,33166
201506,45138,44121,46347,44338,75420,38231,41133,45925,41466,45694,30178,60162,78053,43733,52139,35812,23674,61149,34279,31845
201507,47580,50090,45498,51467,75888,38160,40958,45643,41573,56997,30191,67052,66624,38954,51886,34296,23446,59927,34463,30824
201508,45412,46767,97669,45688,194678,62850,41878,44370,41375,47329,30070,56014,67053,38079,52958,34261,23350,59241,34489,30804
201509,45305,44700,46954,45033,71263,38527,41331,45769,40959,54308,30507,59979,73081,40209,53211,34702,24081,61123,34930,31183
201510,43348,42847,45594,42341,118884,37654,41141,43732,39578,44690,30137,56183,71474,38265,49895,34270,23555,59052,34708,30477
201511,42994,42703,45724,42789,70911,37562,40644,43216,39459,44822,29553,55548,67351,39454,49835,33952,23426,58684,34172,31109
201512,47195,45833,45518,45582,112799,42347,43144,48234,43888,56647,32497,61398,75513,41201,60921,34929,24808,61911,34969,36553
2016,49266,48654,55425,49162,94453,43216,42839,49730,45345,52540,32498,67749,85452,42897,56427,35855,24876,65236,36821,33497
201601,76105,75181,101174,77862,130941,55817,56550,76809,69274,77866,42469,121613,148216,64243,87125,44368,30376,105514,51235,45303
201602,59986,57674,55257,58808,80663,53861,49605,61744,57564,55469,40619,73152,133584,49494,67440,38609,26679,72199,39955,36700
201603,44276,42361,46971,42398,72372,37206,40452,45734,42908,47771,30702,57056,75065,39477,50970,34501,23553,59209,34894,30961
201604,43998,42377,45947,42356,73766,43107,40352,45229,39932,46291,30284,63912,79963,37063,52174,34250,23690,59361,35073,30942
201605,46347,45848,93119,44882,192403,38757,41970,46726,40210,46430,30151,72761,87668,39885,53008,34557,23838,60275,35142,33068
201606,45546,45234,47640,44846,120387,51818,42028,45783,41660,47650,30606,59940,74979,42648,51716,34796,23897,61895,34689,33300
201607,47336,48408,45678,49595,74612,37705,40253,46522,41322,65190,30008,70057,70225,39556,51575,34378,23800,60012,34785,31230
201608,46124,46712,45337,47554,69564,42605,40391,45678,42023,48954,30457,57746,76253,40612,52015,34488,24058,59658,35190,30675
201609,45770,45440,45644,45847,71363,38252,41705,46020,42139,46817,30844,61270,75059,41198,52624,34712,24270,62230,35096,31684
201610,43525,43260,45611,43656,67643,38397,39529,43724,40644,45492,30780,57164,62434,39405,51477,34603,24423,59868,35284,31382
201611,44281,44467,46302,44991,70456,43352,39613,44140,41317,45888,30742,58278,64698,39357,49937,34499,24156,59632,35252,31718
201612,48122,47008,46227,47279,111035,38198,41640,48964,45206,56640,32695,61234,77681,42018,57569,36588,25725,63382,35747,35321
2017,50480,49907,55098,50678,94730,44286,42506,50912,47260,53314,33406,69196,86425,44893,57585,36178,25288,65681,37535,33860
201701,93971,91324,98486,95165,139849,73252,65957,95962,90346,84364,55164,137723,221513,72260,104045,47335,32853,112707,54827,51998
201702,46137,44792,53508,45491,70023,38466,39205,47152,43930,48880,30899,64797,71197,43144,54762,35024,23614,65563,36638,32142
201703,44583,43307,46310,43655,72322,37938,39580,45546,41515,48374,31241,59701,73328,40050,50923,35059,24199,61632,35119,32089
201704,44819,43215,45017,43584,71726,38449,39353,46029,41560,46426,31556,67023,76100,39506,51287,35299,24341,60575,35816,32442
201705,49443,50023,88810,49855,191240,43225,41548,49005,44493,48290,31819,71285,88137,43691,52553,35647,24257,62996,36333,34589
201706,45193,44054,54132,43556,119079,59435,40778,46052,42729,48314,30469,58419,75835,41489,50921,35531,24338,60811,35181,32405
201707,48688,51949,45826,53839,75895,38296,39708,46229,42930,47096,30513,69383,70690,40992,54356,34866,24674,60483,35800,31542
201708,46806,46904,45186,47553,72454,42535,41514,46731,42048,67010,30712,58917,71497,40742,52160,35227,24564,60850,35919,31667
201709,46366,45678,46232,46226,72224,41702,40800,46884,42945,47552,31364,62104,80263,42057,53442,34626,24906,61282,36032,31912
201710,45053,44748,44930,45337,70941,39350,39753,45283,42863,46255,32173,59287,65151,43255,52488,34926,24961,59522,36382,32005
201711,45579,46017,45234,46413,104175,38591,40186,45251,43299,47094,31269,59057,66434,39907,50881,34766,24776,59071,36112,31342
201712,49458,47193,45283,47837,76501,40345,41766,51158,48719,60202,33856,63091,77429,51866,63297,36003,26010,63476,36403,32221
2018,52407,52005,56288,52948,96054,45319,43645,52708,49798,54994,34077,69909,89215,47658,58773,37133,26033,67014,38742,34966
201801,59572,57804,94541,58250,127155,56280,50192,60898,61783,59642,37351,76262,100755,51677,65849,38665,26768,78431,40440,37448
201802,87048,86325,60789,90530,88503,61183,62388,87591,79279,77435,48401,122749,216764,73347,90142,48409,32429,100073,52378,52997
201803,46578,44789,44928,45228,71655,38275,40756,47922,45610,50360,32527,61130,77165,42086,53082,35637,24649,60491,37141,32151
201804,46039,44442,45771,44945,74019,38120,39799,47239,43660,49050,32154,66062,76583,42558,53422,35263,24642,60251,37962,31991
201805,48139,47006,45872,47939,69097,43463,40029,48992,44664,48963,32400,68384,87490,42140,54157,35432,25006,62594,37367,34455
201806,48501,48526,100160,47670,194866,61249,42334,48483,45377,51302,33009,63674,75710,44448,54630,35971,25693,64382,37390,33140
201807,51710,56158,50544,58140,116748,38473,41108,48367,45554,48722,31924,70926,73691,45653,55903,35819,25664,62579,36868,32622
201808,49714,49756,46407,50689,86259,45587,41810,49683,46143,68110,32151,61179,79001,44263,53713,35844,25466,62604,36841,32194
201809,48102,47599,46916,48324,73889,42933,41647,48479,45631,48619,32017,63869,74701,45834,58110,36182,25851,64555,37237,32906
201810,45933,45322,46020,45832,71814,39864,40750,46390,44525,47573,32085,60345,65169,46441,52819,35581,25806,61518,37018,32086
201811,46937,47428,46818,47930,99998,38704,41375,46570,44573,48110,31942,60454,65843,45348,52447,35986,25280,62678,36857,32181
201812,50869,49155,46540,50167,77257,40054,41674,52151,50895,62194,32984,64345,77636,48338,61475,36982,25282,64601,37677,35380
2019?,53657,52865,57364,53776,96137,45830,44833,54245,51328,55588,34686,72144,93059,50431,61326,37616,26972,68517,39520,35594
201901,94136,90215,101422,92683,152107,81329,71436,97059,89624,84676,48046,144047,238717,87688,109144,47567,35708,112490,54814,47377
201902,54259,55563,53220,57167,74130,40876,45538,53287,50785,52040,37963,68154,82537,54060,58689,37997,25872,70642,40301,38969
201903,46432,43955,46471,44248,72893,37624,40640,48279,46377,50909,32777,61271,73739,42381,54204,36546,25370,62121,37165,32764
201904,47766,44530,46661,44831,74995,42296,40744,50177,45348,49266,32840,67897,95563,44257,56750,36312,25334,62081,37469,33013
201905,50299,49606,98050,49298,191242,38996,42035,50814,46818,50289,32544,66496,97288,43786,53849,36394,25465,63532,38308,34037
201906,48595,47412,47645,47883,75480,65512,41332,49475,47319,51834,33127,63884,76465,45595,55413,36806,25848,64127,38019,33918
201907,53133,57949,63250,60051,116506,39327,42491,49557,47124,49878,32559,72231,74906,48570,57216,36491,27083,63075,37634,33105
201908,50956,50514,46045,51930,74497,43924,40803,51283,47035,69589,32714,63075,84923,50130,56100,36607,26789,63819,37881,32977
201909,49325,49268,45986,50260,73709,38860,42341,49367,46808,49651,33201,65358,74150,46846,57813,36356,26107,66426,37583,33624
201910,46865,46094,46489,46679,71523,40943,41161,47435,44936,50241,33207,62955,67081,46135,54020,36376,25966,62791,38161,32873
201911,47930,48227,45964,48883,99306,39850,41392,47710,45593,49132,33023,62809,67545,46416,53856,36001,25882,64158,38172,33252
201912,54310,51048,45619,51327,77543,40835,48308,56714,58158,59545,34352,68782,84392,50571,69271,38027,28220,67515,38720,41007
2020?,57211,55823,64641,56744,105706,48276,47321,58244,54057,57908,35719,79803,108144,57803,65105,38216,27438,71511,41843,36621
202001,99084,96476,114636,99693,149046,77192,74644,101008,88083,87900,51062,148220,261651,110188,112032,47020,37477,120259,63953,50300
202002,49559,49681,45768,50605,71658,39038,43392,49469,46716,49286,34078,65312,76042,44653,55854,38438,25330,64199,37777,33442
202003,47884,45739,46247,45955,74587,38814,42939,49483,46852,50785,32489,65394,76272,49362,57473,36352,26193,62730,38091,33832
202004,48067,45289,46124,45650,72915,42390,41415,50147,46115,48636,32409,68916,90008,44717,55742,36261,25352,61920,37420,32975
202005,49559,47315,45816,48189,70829,38818,41052,51240,46558,48769,32543,71001,93344,54722,56009,36248,25674,63634,37924,34750
202006,50526,48549,46147,49143,77781,44318,43310,51998,50414,51314,32948,67394,83537,49649,57667,36980,26146,64478,38637,37038
202007,55505,57693,106416,57922,220749,57167,44658,53883,53450,68332,33196,72569,76207,51727,60701,36256,26032,63544,38320,33698
